-- phpMyAdmin SQL Dump
-- version 5.2.1
-- https://www.phpmyadmin.net/
--
-- Host: 127.0.0.1
-- Tempo de geração: 09/09/2024 às 15:16
-- Versão do servidor: 10.4.32-MariaDB
-- Versão do PHP: 8.2.12

SET SQL_MODE = "NO_AUTO_VALUE_ON_ZERO";
START TRANSACTION;
SET time_zone = "+00:00";


/*!40101 SET @OLD_CHARACTER_SET_CLIENT=@@CHARACTER_SET_CLIENT */;
/*!40101 SET @OLD_CHARACTER_SET_RESULTS=@@CHARACTER_SET_RESULTS */;
/*!40101 SET @OLD_COLLATION_CONNECTION=@@COLLATION_CONNECTION */;
/*!40101 SET NAMES utf8mb4 */;

--
-- Banco de dados: `tcc_rota`
--

-- --------------------------------------------------------

--
-- Estrutura para tabela `carrinho`
--

CREATE TABLE `carrinho` (
  `idusuario` int(11) NOT NULL,
  `idcurso` int(11) NOT NULL,
  `idfaculdade` int(11) NOT NULL,
  `data_adicao` timestamp NOT NULL DEFAULT current_timestamp()
) ENGINE=InnoDB DEFAULT CHARSET=utf8mb4 COLLATE=utf8mb4_general_ci;

--
-- Despejando dados para a tabela `carrinho`
--

INSERT INTO `carrinho` (`idusuario`, `idcurso`, `idfaculdade`, `data_adicao`) VALUES
(9, 321, 23, '2024-08-26 14:34:42'),
(9, 322, 21, '2024-09-02 17:27:15'),
(9, 338, 28, '2024-09-03 12:46:07'),
(9, 358, 104, '2024-09-09 12:36:17'),
(9, 368, 123, '2024-09-09 12:39:12');

-- --------------------------------------------------------

--
-- Estrutura para tabela `cidade`
--

CREATE TABLE `cidade` (
  `idcidade` int(11) NOT NULL,
  `nome` varchar(45) DEFAULT NULL,
  `sigla` varchar(6) DEFAULT NULL,
  `idestado` int(11) DEFAULT NULL
) ENGINE=InnoDB DEFAULT CHARSET=utf8mb4 COLLATE=utf8mb4_general_ci;

--
-- Despejando dados para a tabela `cidade`
--

INSERT INTO `cidade` (`idcidade`, `nome`, `sigla`, `idestado`) VALUES
(1, 'São José do Rio Preto', 'SJRP', 1),
(2, 'São Paulo', 'SP', 1),
(3, 'Campinas', 'CP', 1),
(4, 'São José dos Campos', 'SJDC', 1),
(5, 'Sorocaba', 'SOR', 1),
(6, 'Ribeirão Preto', 'RP', 1),
(7, 'Bauru', 'BAU', 1),
(8, 'Lins', 'LINS', 1),
(9, 'Barretos', 'BAR', 1),
(10, 'Bebedouro', 'BEB', 1),
(11, 'Araraquara', 'ARA', 1),
(12, 'Votuporanga', 'VOT', 1),
(13, 'Várzea Paulista', 'VP', 1),
(14, 'São Carlos', 'SC', 1),
(15, 'São João da Boa Vista', 'SJDBV', 1),
(16, 'Franca', 'FRA', 1),
(17, 'Adamantina', 'A', 1),
(18, 'Adolfo', 'A1', 1),
(19, 'Aguaí', 'A2', 1),
(20, 'Águas da Prata', 'ÁDP', 1),
(21, 'Águas de Lindóia', 'ÁDL', 1),
(22, 'Águas de Santa Bárbara', 'ÁDSB', 1),
(23, 'Águas de São Pedro', 'ÁDSP', 1),
(24, 'Agudos', 'A3', 1),
(25, 'Alambari', 'A4', 1),
(26, 'Alfredo Marcondes', 'AM', 1),
(27, 'Altair', 'A5', 1),
(28, 'Altinópolis', 'A6', 1),
(29, 'Alto Alegre', 'AA', 1),
(30, 'Alumínio', 'A7', 1),
(31, 'Álvares Florence', 'ÁF', 1),
(32, 'Álvares Machado', 'ÁM', 1),
(33, 'Álvaro de Carvalho', 'ÁDC', 1),
(34, 'Alvinlândia', 'A8', 1),
(35, 'Americana', 'A9', 1),
(36, 'Américo Brasiliense', 'AB', 1),
(37, 'Américo de Campos', 'ADC', 1),
(38, 'Amparo', 'A10', 1),
(39, 'Analândia', 'A11', 1),
(40, 'Andradina', 'A12', 1),
(41, 'Angatuba', 'A13', 1),
(42, 'Anhembi', 'A14', 1),
(43, 'Anhumas', 'A15', 1),
(44, 'Aparecida', 'A16', 1),
(45, 'Euclides da Cunha Paulista', 'EDCP', 1),
(46, 'Fartura', 'F', 1),
(47, 'Fernando Prestes', 'FP', 1),
(48, 'Fernandópolis', 'F1', 1),
(49, 'Fernão', 'F2', 1),
(50, 'Ferraz de Vasconcelos', 'FDV', 1),
(51, 'Flora Rica', 'FR', 1),
(52, 'Floreal', 'F3', 1),
(53, 'Flórida Paulista', 'FP1', 1),
(54, 'Florínea', 'F4', 1),
(55, 'Francisco Morato', 'FM', 1),
(56, 'Franco da Rocha', 'FDR', 1),
(57, 'Gabriel Monteiro', 'GM', 1),
(58, 'Gália', 'G', 1),
(59, 'Garça', 'G1', 1),
(60, 'Gastão Vidigal', 'GV', 1),
(61, 'Gavião Peixoto', 'GP', 1),
(62, 'General Salgado', 'GS', 1),
(63, 'Getulina', 'G2', 1),
(64, 'Glicério', 'G3', 1),
(65, 'Guaiçara', 'G4', 1),
(66, 'Guaimbê', 'G5', 1),
(67, 'Adamantina', 'A', 1),
(68, 'Adolfo', 'A1', 1),
(69, 'Aguaí', 'A2', 1),
(70, 'Águas da Prata', 'ÁDP', 1),
(71, 'Águas de Lindóia', 'ÁDL', 1),
(72, 'Águas de Santa Bárbara', 'ÁDSB', 1),
(73, 'Águas de São Pedro', 'ÁDSP', 1),
(74, 'Agudos', 'A3', 1),
(75, 'Alambari', 'A4', 1),
(76, 'Alfredo Marcondes', 'AM', 1),
(77, 'Altair', 'A5', 1),
(78, 'Altinópolis', 'A6', 1),
(79, 'Alto Alegre', 'AA', 1),
(80, 'Alumínio', 'A7', 1),
(81, 'Álvares Florence', 'ÁF', 1),
(82, 'Álvares Machado', 'ÁM', 1),
(83, 'Álvaro de Carvalho', 'ÁDC', 1),
(84, 'Alvinlândia', 'A8', 1),
(85, 'Americana', 'A9', 1),
(86, 'Américo Brasiliense', 'AB', 1),
(87, 'Américo de Campos', 'ADC', 1),
(88, 'Amparo', 'A10', 1),
(89, 'Analândia', 'A11', 1),
(90, 'Andradina', 'A12', 1),
(91, 'Angatuba', 'A13', 1),
(92, 'Anhembi', 'A14', 1),
(93, 'Anhumas', 'A15', 1),
(94, 'Aparecida', 'A16', 1),
(95, 'Adamantina', 'A', 1),
(96, 'Adolfo', 'A1', 1),
(97, 'Aguaí', 'A2', 1),
(98, 'Águas da Prata', 'ÁDP', 1),
(99, 'Águas de Lindóia', 'ÁDL', 1),
(100, 'Águas de Santa Bárbara', 'ÁDSB', 1),
(101, 'Águas de São Pedro', 'ÁDSP', 1),
(102, 'Agudos', 'A3', 1),
(103, 'Alambari', 'A4', 1),
(104, 'Alfredo Marcondes', 'AM', 1),
(105, 'Altair', 'A5', 1),
(106, 'Altinópolis', 'A6', 1),
(107, 'Alto Alegre', 'AA', 1),
(108, 'Alumínio', 'A7', 1),
(109, 'Álvares Florence', 'ÁF', 1),
(110, 'Álvares Machado', 'ÁM', 1),
(111, 'Álvaro de Carvalho', 'ÁDC', 1),
(112, 'Alvinlândia', 'A8', 1),
(113, 'Americana', 'A9', 1),
(114, 'Américo Brasiliense', 'AB', 1),
(115, 'Américo de Campos', 'ADC', 1),
(116, 'Amparo', 'A10', 1),
(117, 'Analândia', 'A11', 1),
(118, 'Andradina', 'A12', 1),
(119, 'Angatuba', 'A13', 1),
(120, 'Anhembi', 'A14', 1),
(121, 'Anhumas', 'A15', 1),
(122, 'Aparecida', 'A16', 1),
(123, 'Aparecida d Oeste', 'AD', 1),
(124, 'Apiaí', 'A17', 1),
(125, 'Araçariguama', 'A18', 1),
(126, 'Araçatuba', 'A19', 1),
(127, 'Araçoiaba da Serra', 'ADS', 1),
(128, 'Aramina', 'A20', 1),
(129, 'Arandu', 'A21', 1),
(130, 'Arapeí', 'A22', 1),
(131, 'Araras', 'A23', 1),
(132, 'Arco-Íris', 'A24', 1),
(133, 'Arealva', 'A25', 1),
(134, 'Areias', 'A26', 1),
(135, 'Areiópolis', 'A27', 1),
(136, 'Ariranha', 'A28', 1),
(137, 'Artur Nogueira', 'AN', 1),
(138, 'Arujá', 'A29', 1),
(139, 'Aspásia', 'A30', 1),
(140, 'Assis', 'A31', 1),
(141, 'Atibaia', 'A32', 1),
(142, 'Auriflama', 'A33', 1),
(143, 'Avaí', 'A34', 1),
(144, 'Avanhandava', 'A35', 1),
(145, 'Avaré', 'A36', 1),
(146, 'Bady Bassitt', 'BB', 1),
(147, 'Balbinos', 'B', 1),
(148, 'Bálsamo', 'B1', 1),
(149, 'Bananal', 'B2', 1),
(150, 'Barão de Antonina', 'BDA', 1),
(151, 'Barbosa', 'B3', 1),
(152, 'Bariri', 'B4', 1),
(153, 'Barra Bonita', 'BB1', 1),
(154, 'Barra do Chapéu', 'BDC', 1),
(155, 'Barra do Turvo', 'BDT', 1),
(156, 'Barrinha', 'B5', 1),
(157, 'Barueri', 'B6', 1),
(158, 'Bastos', 'B7', 1),
(159, 'Batatais', 'B8', 1),
(160, 'Bento de Abreu', 'BDA1', 1),
(161, 'Bernardino de Campos', 'BDC1', 1),
(162, 'Bertioga', 'B9', 1),
(163, 'Bilac', 'B10', 1),
(164, 'Birigui', 'B11', 1),
(165, 'Biritiba Mirim', 'BM', 1),
(166, 'Boa Esperança do Sul', 'BEDS', 1),
(167, 'Bocaina', 'B12', 1),
(168, 'Bofete', 'B13', 1),
(169, 'Boituva', 'B14', 1),
(170, 'Bom Jesus dos Perdões', 'BJDP', 1),
(171, 'Bom Sucesso de Itararé', 'BSDI', 1),
(172, 'Borá', 'B15', 1),
(173, 'Boraceia', 'B16', 1),
(174, 'Borborema', 'B17', 1),
(175, 'Borebi', 'B18', 1),
(176, 'Botucatu', 'B19', 1),
(177, 'Bragança Paulista', 'BP', 1),
(178, 'Braúna', 'B20', 1),
(179, 'Brejo Alegre', 'BA', 1),
(180, 'Brodowski', 'B21', 1),
(181, 'Brotas', 'B22', 1),
(182, 'Buri', 'B23', 1),
(183, 'Buritama', 'B24', 1),
(184, 'Buritizal', 'B25', 1),
(185, 'Cabrália Paulista', 'CP', 1),
(186, 'Cabreúva', 'C', 1),
(187, 'Caçapava', 'C1', 1),
(188, 'Cachoeira Paulista', 'CP1', 1),
(189, 'Caconde', 'C2', 1),
(190, 'Cafelândia', 'C3', 1),
(191, 'Caiabu', 'C4', 1),
(192, 'Caieiras', 'C5', 1),
(193, 'Caiuá', 'C6', 1),
(194, 'Cajamar', 'C7', 1),
(195, 'Cajati', 'C8', 1),
(196, 'Cajobi', 'C9', 1),
(197, 'Cajuru', 'C10', 1),
(198, 'Campina do Monte Alegre', 'CDMA', 1),
(199, 'Campo Limpo Paulista', 'CLP', 1),
(200, 'Campos do Jordão', 'CDJ', 1),
(201, 'Campos Novos Paulista', 'CNP', 1),
(202, 'Cananéia', 'C11', 1),
(203, 'Canas', 'C12', 1),
(204, 'Cândido Mota', 'CM', 1),
(205, 'Cândido Rodrigues', 'CR', 1),
(206, 'Canitar', 'C13', 1),
(207, 'Capão Bonito', 'CB', 1),
(208, 'Capela do Alto', 'CDA', 1),
(209, 'Capivari', 'C14', 1),
(210, 'Caraguatatuba', 'C15', 1),
(211, 'Carapicuíba', 'C16', 1),
(212, 'Cardoso', 'C17', 1),
(213, 'Casa Branca', 'CB1', 1),
(214, 'Cássia dos Coqueiros', 'CDC', 1),
(215, 'Castilho', 'C18', 1),
(216, 'Catanduva', 'C19', 1),
(217, 'Catiguá', 'C20', 1),
(218, 'Cedral', 'C21', 1),
(219, 'Cerqueira César', 'CC', 1),
(220, 'Cerquilho', 'C22', 1),
(221, 'Cesário Lange', 'CL', 1),
(222, 'Charqueada', 'C23', 1),
(223, 'Chavantes', 'C24', 1),
(224, 'Clementina', 'C25', 1),
(225, 'Colina', 'C26', 1),
(226, 'Colômbia', 'C27', 1),
(227, 'Conchal', 'C28', 1),
(228, 'Conchas', 'C29', 1),
(229, 'Cordeirópolis', 'C30', 1),
(230, 'Coroados', 'C31', 1),
(231, 'Coronel Macedo', 'CM1', 1),
(232, 'Corumbataí', 'C32', 1),
(233, 'Cosmópolis', 'C33', 1),
(234, 'Cosmorama', 'C34', 1),
(235, 'Cotia', 'C35', 1),
(236, 'Cravinhos', 'C36', 1),
(237, 'Cristais Paulista', 'CP2', 1),
(238, 'Cruzália', 'C37', 1),
(239, 'Cruzeiro', 'C38', 1),
(240, 'Cubatão', 'C39', 1),
(241, 'Cunha', 'C40', 1),
(242, 'Descalvado', 'D', 1),
(243, 'Diadema', 'D1', 1),
(244, 'Dirce Reis', 'DR', 1),
(245, 'Divinolândia', 'D2', 1),
(246, 'Dobrada', 'D3', 1),
(247, 'Dois Córregos', 'DC', 1),
(248, 'Dolcinópolis', 'D4', 1),
(249, 'Dourado', 'D5', 1),
(250, 'Dracena', 'D6', 1),
(251, 'Duartina', 'D7', 1),
(252, 'Dumont', 'D8', 1),
(253, 'Echaporã', 'E', 1),
(254, 'Eldorado', 'E1', 1),
(255, 'Elias Fausto', 'EF', 1),
(256, 'Elisiário', 'E2', 1),
(257, 'Embaúba', 'E3', 1),
(258, 'Embu das Artes', 'EDA', 1),
(259, 'Embu-Guaçu', 'E4', 1),
(260, 'Emilianópolis', 'E5', 1),
(261, 'Engenheiro Coelho', 'EC', 1),
(262, 'Espírito Santo do Pinhal', 'ESDP', 1),
(263, 'Espírito Santo do Turvo', 'ESDT', 1),
(264, 'Estiva Gerbi', 'EG', 1),
(265, 'Estrela do Norte', 'EDN', 1),
(266, 'Estrela d Oeste', 'ED', 1),
(267, 'Euclides da Cunha Paulista', 'EDCP', 1),
(268, 'Fartura', 'F', 1),
(269, 'Fernando Prestes', 'FP', 1),
(270, 'Fernandópolis', 'F1', 1),
(271, 'Fernão', 'F2', 1),
(272, 'Ferraz de Vasconcelos', 'FDV', 1),
(273, 'Flora Rica', 'FR', 1),
(274, 'Floreal', 'F3', 1),
(275, 'Flórida Paulista', 'FP1', 1),
(276, 'Florínea', 'F4', 1),
(277, 'Francisco Morato', 'FM', 1),
(278, 'Franco da Rocha', 'FDR', 1),
(279, 'Gabriel Monteiro', 'GM', 1),
(280, 'Gália', 'G', 1),
(281, 'Garça', 'G1', 1),
(282, 'Gastão Vidigal', 'GV', 1),
(283, 'Gavião Peixoto', 'GP', 1),
(284, 'General Salgado', 'GS', 1),
(285, 'Getulina', 'G2', 1),
(286, 'Glicério', 'G3', 1),
(287, 'Guaiçara', 'G4', 1),
(288, 'Guaimbê', 'G5', 1),
(289, 'Guaíra', 'G6', 1),
(290, 'Guapiaçu', 'G7', 1),
(291, 'Guapiara', 'G8', 1),
(292, 'Guará', 'G9', 1),
(293, 'Guaraçaí', 'G10', 1),
(294, 'Guaraci', 'G11', 1),
(295, 'Guarani d Oeste', 'GD', 1),
(296, 'Guarantã', 'G12', 1),
(297, 'Guararapes', 'G13', 1),
(298, 'Guararema', 'G14', 1),
(299, 'Guaratinguetá', 'G15', 1),
(300, 'Guareí', 'G16', 1),
(301, 'Guariba', 'G17', 1),
(302, 'Guarujá', 'G18', 1),
(303, 'Guarulhos', 'G19', 1),
(304, 'Guatapará', 'G20', 1),
(305, 'Guzolândia', 'G21', 1),
(306, 'Herculândia', 'H', 1),
(307, 'Holambra', 'H1', 1),
(308, 'Hortolândia', 'H2', 1),
(309, 'Iacanga', 'I', 1),
(310, 'Iacri', 'I1', 1),
(311, 'Iaras', 'I2', 1),
(312, 'Ibaté', 'I3', 1),
(313, 'Ibirá', 'I4', 1),
(314, 'Ibirarema', 'I5', 1),
(315, 'Ibitinga', 'I6', 1),
(316, 'Ibiúna', 'I7', 1),
(317, 'Icém', 'I8', 1),
(318, 'Iepê', 'I9', 1),
(319, 'Igaraçu do Tietê', 'IDT', 1),
(320, 'Igarapava', 'I10', 1),
(321, 'Igaratá', 'I11', 1),
(322, 'Iguape', 'I12', 1),
(323, 'Ilha Comprida', 'IC', 1),
(324, 'Ilha Solteira', 'IS', 1),
(325, 'Ilhabela', 'I13', 1),
(326, 'Indaiatuba', 'I14', 1),
(327, 'Indiana', 'I15', 1),
(328, 'Indiaporã', 'I16', 1),
(329, 'Inúbia Paulista', 'IP', 1),
(330, 'Ipaussu', 'I17', 1),
(331, 'Iperó', 'I18', 1),
(332, 'Ipeúna', 'I19', 1),
(333, 'Ipiguá', 'I20', 1),
(334, 'Iporanga', 'I21', 1),
(335, 'Ipuã', 'I22', 1),
(336, 'Iracemápolis', 'I23', 1),
(337, 'Irapuã', 'I24', 1),
(338, 'Irapuru', 'I25', 1),
(339, 'Itaberá', 'I26', 1),
(340, 'Itaí', 'I27', 1),
(341, 'Itajobi', 'I28', 1),
(342, 'Itaju', 'I29', 1),
(343, 'Itanhaém', 'I30', 1),
(344, 'Itaoca', 'I31', 1),
(345, 'Itapecerica da Serra', 'IDS', 1),
(346, 'Itapetininga', 'I32', 1),
(347, 'Itapeva', 'I33', 1),
(348, 'Itapevi', 'I34', 1),
(349, 'Itapira', 'I35', 1),
(350, 'Itapirapuã Paulista', 'IP1', 1),
(351, 'Itápolis', 'I36', 1),
(352, 'Itaporanga', 'I37', 1),
(353, 'Itapuí', 'I38', 1),
(354, 'Itapura', 'I39', 1),
(355, 'Itaquaquecetuba', 'I40', 1),
(356, 'Itararé', 'I41', 1),
(357, 'Itariri', 'I42', 1),
(358, 'Itatiba', 'I43', 1),
(359, 'Itatinga', 'I44', 1),
(360, 'Itirapina', 'I45', 1),
(361, 'Itirapuã', 'I46', 1),
(362, 'Itobi', 'I47', 1),
(363, 'Itu', 'I48', 1),
(364, 'Itupeva', 'I49', 1),
(365, 'Ituverava', 'I50', 1),
(366, 'Jaborandi', 'J', 1),
(367, 'Jaboticabal', 'J1', 1),
(368, 'Jacareí', 'J2', 1),
(369, 'Jaci', 'J3', 1),
(370, 'Jacupiranga', 'J4', 1),
(371, 'Jaguariúna', 'J5', 1),
(372, 'Jales', 'J6', 1),
(373, 'Jambeiro', 'J7', 1),
(374, 'Jandira', 'J8', 1),
(375, 'Jardinópolis', 'J9', 1),
(376, 'Jarinu', 'J10', 1),
(377, 'Jaú', 'J11', 1),
(378, 'Jeriquara', 'J12', 1),
(379, 'Joanópolis', 'J13', 1),
(380, 'João Ramalho', 'JR', 1),
(381, 'José Bonifácio', 'JB', 1),
(382, 'Júlio Mesquita', 'JM', 1),
(383, 'Jumirim', 'J14', 1),
(384, 'Jundiaí', 'J15', 1),
(385, 'Junqueirópolis', 'J16', 1),
(386, 'Juquiá', 'J17', 1),
(387, 'Juquitiba', 'J18', 1),
(388, 'Lagoinha', 'L', 1),
(389, 'Laranjal Paulista', 'LP', 1),
(390, 'Lavínia', 'L1', 1),
(391, 'Lavrinhas', 'L2', 1),
(392, 'Leme', 'L3', 1),
(393, 'Lençóis Paulista', 'LP1', 1),
(394, 'Limeira', 'L4', 1),
(395, 'Lindoia', 'L5', 1),
(396, 'Lorena', 'L6', 1),
(397, 'Lourdes', 'L7', 1),
(398, 'Louveira', 'L8', 1),
(399, 'Lucélia', 'L9', 1),
(400, 'Lucianópolis', 'L10', 1),
(401, 'Luiz Antônio', 'LA', 1),
(402, 'Luiziânia', 'L11', 1),
(403, 'Lupércio', 'L12', 1),
(404, 'Lutécia', 'L13', 1),
(405, 'Macatuba', 'M', 1),
(406, 'Macaubal', 'M1', 1),
(407, 'Macedônia', 'M2', 1),
(408, 'Magda', 'M3', 1),
(409, 'Mairinque', 'M4', 1),
(410, 'Mairiporã', 'M5', 1),
(411, 'Manduri', 'M6', 1),
(412, 'Marabá Paulista', 'MP', 1),
(413, 'Maracaí', 'M7', 1),
(414, 'Marapoama', 'M8', 1),
(415, 'Mariápolis', 'M9', 1),
(416, 'Marília', 'M10', 1),
(417, 'Marinópolis', 'M11', 1),
(418, 'Martinópolis', 'M12', 1),
(419, 'Matão', 'M13', 1),
(420, 'Mauá', 'M14', 1),
(421, 'Mendonça', 'M15', 1),
(422, 'Meridiano', 'M16', 1),
(423, 'Mesópolis', 'M17', 1),
(424, 'Miguelópolis', 'M18', 1),
(425, 'Mineiros do Tietê', 'MDT', 1),
(426, 'Mira Estrela', 'ME', 1),
(427, 'Miracatu', 'M19', 1),
(428, 'Mirandópolis', 'M20', 1),
(429, 'Mirante do Paranapanema', 'MDP', 1),
(430, 'Mirassol', 'M21', 1),
(431, 'Mirassolândia', 'M22', 1),
(432, 'Mococa', 'M23', 1),
(433, 'Mogi das Cruzes', 'MDC', 1),
(434, 'Mogi Guaçu', 'MG', 1),
(435, 'Mogi Mirim', 'MM', 1),
(436, 'Mombuca', 'M24', 1),
(437, 'Monções', 'M25', 1),
(438, 'Mongaguá', 'M26', 1),
(439, 'Monte Alegre do Sul', 'MADS', 1),
(440, 'Monte Alto', 'MA', 1),
(441, 'Monte Aprazível', 'MA1', 1),
(442, 'Monte Azul Paulista', 'MAP', 1),
(443, 'Monte Castelo', 'MC', 1),
(444, 'Monte Mor', 'MM1', 1),
(445, 'Monteiro Lobato', 'ML', 1),
(446, 'Morro Agudo', 'MA2', 1),
(447, 'Morungaba', 'M27', 1),
(448, 'Motuca', 'M28', 1),
(449, 'Murutinga do Sul', 'MDS', 1),
(450, 'Nantes', 'N', 1),
(451, 'Narandiba', 'N1', 1),
(452, 'Natividade da Serra', 'NDS', 1),
(453, 'Nazaré Paulista', 'NP', 1),
(454, 'Neves Paulista', 'NP1', 1),
(455, 'Nhandeara', 'N2', 1),
(456, 'Nipoã', 'N3', 1),
(457, 'Nova Aliança', 'NA', 1),
(458, 'Nova Campina', 'NC', 1),
(459, 'Nova Canaã Paulista', 'NCP', 1),
(460, 'Nova Castilho', 'NC1', 1),
(461, 'Nova Europa', 'NE', 1),
(462, 'Nova Granada', 'NG', 1),
(463, 'Nova Guataporanga', 'NG1', 1),
(464, 'Nova Independência', 'NI', 1),
(465, 'Nova Luzitânia', 'NL', 1),
(466, 'Nova Odessa', 'NO', 1),
(467, 'Novais', 'N4', 1),
(468, 'Novo Horizonte', 'NH', 1),
(469, 'Nuporanga', 'N5', 1),
(470, 'Ocauçu', 'O', 1),
(471, 'Óleo', 'Ó', 1),
(472, 'Olímpia', 'O1', 1),
(473, 'Onda Verde', 'OV', 1),
(474, 'Oriente', 'O2', 1),
(475, 'Orindiúva', 'O3', 1),
(476, 'Orlândia', 'O4', 1),
(477, 'Osasco', 'O5', 1),
(478, 'Oscar Bressane', 'OB', 1),
(479, 'Osvaldo Cruz', 'OC', 1),
(480, 'Ourinhos', 'O6', 1),
(481, 'Ouro Verde', 'OV1', 1),
(482, 'Ouroeste', 'O7', 1),
(483, 'Pacaembu', 'P', 1),
(484, 'Palestina', 'P1', 1),
(485, 'Palmares Paulista', 'PP', 1),
(486, 'Palmeira d Oeste', 'PD', 1),
(487, 'Palmital', 'P2', 1),
(488, 'Panorama', 'P3', 1),
(489, 'Paraguaçu Paulista', 'PP1', 1),
(490, 'Paraibuna', 'P4', 1),
(491, 'Paraíso', 'P5', 1),
(492, 'Paranapanema', 'P6', 1),
(493, 'Paranapuã', 'P7', 1),
(494, 'Parapuã', 'P8', 1),
(495, 'Pardinho', 'P9', 1),
(496, 'Pariquera-Açu', 'P10', 1),
(497, 'Parisi', 'P11', 1),
(498, 'Patrocínio Paulista', 'PP2', 1),
(499, 'Paulicéia', 'P12', 1),
(500, 'Paulínia', 'P13', 1),
(501, 'Paulistânia', 'P14', 1),
(502, 'Paulo de Faria', 'PDF', 1),
(503, 'Pederneiras', 'P15', 1),
(504, 'Pedra Bela', 'PB', 1),
(505, 'Pedranópolis', 'P16', 1),
(506, 'Pedregulho', 'P17', 1),
(507, 'Pedreira', 'P18', 1),
(508, 'Pedrinhas Paulista', 'PP3', 1),
(509, 'Pedro de Toledo', 'PDT', 1),
(510, 'Penápolis', 'P19', 1),
(511, 'Pereira Barreto', 'PB1', 1),
(512, 'Pereiras', 'P20', 1),
(513, 'Peruíbe', 'P21', 1),
(514, 'Piacatu', 'P22', 1),
(515, 'Piedade', 'P23', 1),
(516, 'Pilar do Sul', 'PDS', 1),
(517, 'Pindamonhangaba', 'P24', 1),
(518, 'Pindorama', 'P25', 1),
(519, 'Pinhalzinho', 'P26', 1),
(520, 'Piquerobi', 'P27', 1),
(521, 'Piquete', 'P28', 1),
(522, 'Piracaia', 'P29', 1),
(523, 'Piracicaba', 'P30', 1),
(524, 'Piraju', 'P31', 1),
(525, 'Pirajuí', 'P32', 1),
(526, 'Pirangi', 'P33', 1),
(527, 'Pirapora do Bom Jesus', 'PDBJ', 1),
(528, 'Pirapozinho', 'P34', 1),
(529, 'Pirassununga', 'P35', 1),
(530, 'Piratininga', 'P36', 1),
(531, 'Pitangueiras', 'P37', 1),
(532, 'Planalto', 'P38', 1),
(533, 'Platina', 'P39', 1),
(534, 'Poá', 'P40', 1),
(535, 'Poloni', 'P41', 1),
(536, 'Pompeia', 'P42', 1),
(537, 'Pongaí', 'P43', 1),
(538, 'Pontal', 'P44', 1),
(539, 'Pontalinda', 'P45', 1),
(540, 'Pontes Gestal', 'PG', 1),
(541, 'Populina', 'P46', 1),
(542, 'Porangaba', 'P47', 1),
(543, 'Porto Feliz', 'PF', 1),
(544, 'Porto Ferreira', 'PF1', 1),
(545, 'Potim', 'P48', 1),
(546, 'Potirendaba', 'P49', 1),
(547, 'Pracinha', 'P50', 1),
(548, 'Pradópolis', 'P51', 1),
(549, 'Praia Grande', 'PG1', 1),
(550, 'Pratânia', 'P52', 1),
(551, 'Presidente Alves', 'PA', 1),
(552, 'Presidente Bernardes', 'PB2', 1),
(553, 'Presidente Epitácio', 'PE', 1),
(554, 'Presidente Prudente', 'PP4', 1),
(555, 'Presidente Venceslau', 'PV', 1),
(556, 'Promissão', 'P53', 1),
(557, 'Quadra', 'Q', 1),
(558, 'Quatá', 'Q1', 1),
(559, 'Queiroz', 'Q2', 1),
(560, 'Queluz', 'Q3', 1),
(561, 'Quintana', 'Q4', 1),
(562, 'Rafard', 'R', 1),
(563, 'Rancharia', 'R1', 1),
(564, 'Redenção da Serra', 'RDS', 1),
(565, 'Regente Feijó', 'RF', 1),
(566, 'Reginópolis', 'R2', 1),
(567, 'Registro', 'R3', 1),
(568, 'Restinga', 'R4', 1),
(569, 'Ribeira', 'R5', 1),
(570, 'Ribeirão Bonito', 'RB', 1),
(571, 'Ribeirão Branco', 'RB1', 1),
(572, 'Ribeirão Corrente', 'RC', 1),
(573, 'Ribeirão do Sul', 'RDS1', 1),
(574, 'Ribeirão dos Índios', 'RDÍ', 1),
(575, 'Ribeirão Grande', 'RG', 1),
(576, 'Ribeirão Pires', 'RP', 1),
(577, 'Rifaina', 'R6', 1),
(578, 'Rincão', 'R7', 1),
(579, 'Rinópolis', 'R8', 1),
(580, 'Rio Claro', 'RC1', 1),
(581, 'Rio das Pedras', 'RDP', 1),
(582, 'Rio Grande da Serra', 'RGDS', 1),
(583, 'Riolândia', 'R9', 1),
(584, 'Riversul', 'R10', 1),
(585, 'Rosana', 'R11', 1),
(586, 'Roseira', 'R12', 1),
(587, 'Rubiácea', 'R13', 1),
(588, 'Rubinéia', 'R14', 1),
(589, 'Sabino', 'S', 1),
(590, 'Sagres', 'S1', 1),
(591, 'Sales', 'S2', 1),
(592, 'Sales Oliveira', 'SO', 1),
(593, 'Salesópolis', 'S3', 1),
(594, 'Salmourão', 'S4', 1),
(595, 'Saltinho', 'S5', 1),
(596, 'Salto', 'S6', 1),
(597, 'Salto de Pirapora', 'SDP', 1),
(598, 'Salto Grande', 'SG', 1),
(599, 'Sandovalina', 'S7', 1),
(600, 'Santa Adélia', 'SA', 1),
(601, 'Santa Albertina', 'SA1', 1),
(602, 'Santa Bárbara d Oeste', 'SBD', 1),
(603, 'Santa Branca', 'SB', 1),
(604, 'Santa Clara d Oeste', 'SCD', 1),
(605, 'Santa Cruz da Conceição', 'SCDC', 1),
(606, 'Santa Cruz da Esperança', 'SCDE', 1),
(607, 'Santa Cruz das Palmeiras', 'SCDP', 1),
(608, 'Santa Cruz do Rio Pardo', 'SCDR', 1),
(609, 'Santa Ernestina', 'SE', 1),
(610, 'Santa Fé do Sul', 'SFDS', 1),
(611, 'Santa Gertrudes', 'SG1', 1),
(612, 'Santa Isabel', 'SI', 1),
(613, 'Santa Lúcia', 'SL', 1),
(614, 'Santa Maria da Serra', 'SMDS', 1),
(615, 'Santa Mercedes', 'SM', 1),
(616, 'Santa Rita do Passa Quatro', 'SRDP', 1),
(617, 'Santa Rita d Oeste', 'SRD', 1),
(618, 'Santa Rosa de Viterbo', 'SRDV', 1),
(619, 'Santa Salete', 'SS', 1),
(620, 'Santana da Ponte Pensa', 'SDPP', 1),
(621, 'Santana de Parnaíba', 'SDP1', 1),
(622, 'Santo Anastácio', 'SA2', 1),
(623, 'Santo André', 'SA3', 1),
(624, 'Santo Antônio da Alegria', 'SADA', 1),
(625, 'Santo Antônio de Posse', 'SADP', 1),
(626, 'Santo Antônio do Aracanguá', 'SAD1', 1),
(627, 'Santo Antônio do Jardim', 'SADJ', 1),
(628, 'Santo Antônio do Pinhal', 'SAD2', 1),
(629, 'Santo Expedito', 'SE1', 1),
(630, 'Santópolis do Aguapeí', 'SDA', 1),
(631, 'Santos', 'S8', 1),
(632, 'São Bento do Sapucaí', 'SBDS', 1),
(633, 'São Bernardo do Campo', 'SBDC', 1),
(634, 'São Caetano do Sul', 'SCDS', 1),
(635, 'São Francisco', 'SF', 1),
(636, 'São João das Duas Pontes', 'SJDD', 1),
(637, 'São João de Iracema', 'SJDI', 1),
(638, 'São João do Pau-d Alho', 'SJDP', 1),
(639, 'São Joaquim da Barra', 'SJDB', 1),
(640, 'São José da Bela Vista', 'SJD1', 1),
(641, 'São José do Barreiro', 'SJD2', 1),
(642, 'São José do Rio Pardo', 'SJDR', 1),
(643, 'São José do Rio Preto', 'SJD3', 1),
(644, 'São Lourenço da Serra', 'SLDS', 1),
(645, 'São Luiz do Paraitinga', 'SLDP', 1),
(646, 'São Manuel', 'SM1', 1),
(647, 'São Miguel Arcanjo', 'SMA', 1),
(648, 'São Pedro', 'SP', 1),
(649, 'São Pedro do Turvo', 'SPDT', 1),
(650, 'São Roque', 'SR', 1),
(651, 'São Sebastião', 'SS1', 1),
(652, 'São Sebastião da Grama', 'SSDG', 1),
(653, 'São Simão', 'SS2', 1),
(654, 'São Vicente', 'SV', 1),
(655, 'Sarapuí', 'S9', 1),
(656, 'Sarutaiá', 'S10', 1),
(657, 'Sebastianópolis do Sul', 'SDS', 1),
(658, 'Serra Azul', 'SA4', 1),
(659, 'Serra Negra', 'SN', 1),
(660, 'Serrana', 'S11', 1),
(661, 'Sertãozinho', 'S12', 1),
(662, 'Sete Barras', 'SB1', 1),
(663, 'Severínia', 'S13', 1),
(664, 'Silveiras', 'S14', 1),
(665, 'Socorro', 'S15', 1),
(666, 'Sud Mennucci', 'SM2', 1),
(667, 'Sumaré', 'S16', 1),
(668, 'Suzanápolis', 'S17', 1),
(669, 'Suzano', 'S18', 1),
(670, 'Tabapuã', 'T', 1),
(671, 'Tabatinga', 'T1', 1),
(672, 'Taboão da Serra', 'TDS', 1),
(673, 'Taciba', 'T2', 1),
(674, 'Taguaí', 'T3', 1),
(675, 'Taiaçu', 'T4', 1),
(676, 'Taiúva', 'T5', 1),
(677, 'Tambaú', 'T6', 1),
(678, 'Tanabi', 'T7', 1),
(679, 'Tapiraí', 'T8', 1),
(680, 'Tapiratiba', 'T9', 1),
(681, 'Taquaral', 'T10', 1),
(682, 'Taquaritinga', 'T11', 1),
(683, 'Taquarituba', 'T12', 1),
(684, 'Taquarivaí', 'T13', 1),
(685, 'Tarabai', 'T14', 1),
(686, 'Tarumã', 'T15', 1),
(687, 'Tatuí', 'T16', 1),
(688, 'Taubaté', 'T17', 1),
(689, 'Tejupá', 'T18', 1),
(690, 'Teodoro Sampaio', 'TS', 1),
(691, 'Terra Roxa', 'TR', 1),
(692, 'Tietê', 'T19', 1),
(693, 'Timburi', 'T20', 1),
(694, 'Torre de Pedra', 'TDP', 1),
(695, 'Torrinha', 'T21', 1),
(696, 'Trabiju', 'T22', 1),
(697, 'Tremembé', 'T23', 1),
(698, 'Três Fronteiras', 'TF', 1),
(699, 'Tuiuti', 'T24', 1),
(700, 'Tupã', 'T25', 1),
(701, 'Tupi Paulista', 'TP', 1),
(702, 'Turiúba', 'T26', 1),
(703, 'Turmalina', 'T27', 1),
(704, 'Ubarana', 'U', 1),
(705, 'Ubatuba', 'U1', 1),
(706, 'Ubirajara', 'U2', 1),
(707, 'Uchoa', 'U3', 1),
(708, 'União Paulista', 'UP', 1),
(709, 'Urânia', 'U4', 1),
(710, 'Uru', 'U5', 1),
(711, 'Urupês', 'U6', 1),
(712, 'Valentim Gentil', 'VG', 1),
(713, 'Valinhos', 'V', 1),
(714, 'Valparaíso', 'V1', 1),
(715, 'Vargem', 'V2', 1),
(716, 'Vargem Grande do Sul', 'VGDS', 1),
(717, 'Vargem Grande Paulista', 'VGP', 1),
(718, 'Vera Cruz', 'VC', 1),
(719, 'Vinhedo', 'V3', 1),
(720, 'Viradouro', 'V4', 1),
(721, 'Vista Alegre do Alto', 'VADA', 1),
(722, 'Vitória Brasil', 'VB', 1),
(723, 'Votorantim', 'V5', 1),
(724, 'Zacarias', 'Z', 1);

-- --------------------------------------------------------

--
-- Estrutura para tabela `curso`
--

CREATE TABLE `curso` (
  `idcurso` int(11) NOT NULL,
  `nome` varchar(45) DEFAULT NULL,
  `carga_horaria` varchar(45) DEFAULT NULL,
  `descricao` varchar(45) DEFAULT NULL
) ENGINE=InnoDB DEFAULT CHARSET=utf8mb4 COLLATE=utf8mb4_general_ci;

--
-- Despejando dados para a tabela `curso`
--

INSERT INTO `curso` (`idcurso`, `nome`, `carga_horaria`, `descricao`) VALUES
(321, 'Administração', '8 semestres', 'Curso de Administração'),
(322, 'Agronomia', '10 semestres', 'Curso de Agronomia'),
(323, 'Análise e Desenvolvimento de Sistemas', '4 semestres', 'Curso de ADS'),
(324, 'Arquitetura e Urbanismo', '10 semestres', 'Curso de Arquitetura e Urbanismo'),
(325, 'Biologia', '8 semestres', 'Curso de Biologia'),
(326, 'Biomedicina', '8 semestres', 'Curso de Biomedicina'),
(327, 'Ciência da Computação', '8 semestres', 'Curso de Ciência da Computação'),
(328, 'Ciências Biológicas (Bacharelado)', '4 semestres', 'Curso de Ciências Biológicas (Bacharelado)'),
(329, 'Ciências Econômicas', '8 semestres', 'Curso de Ciências Econômicas'),
(330, 'Comunicação Social', '10 semestres', 'Curso de Comunicação Social'),
(331, 'Comunicação Social', '4 semestres', 'Curso de Publicidade'),
(332, 'Computação em Nuvem', '8 semestres', 'Curso de Computação em Nuvem'),
(333, 'Design Digital', '10 semestres', 'Curso de Design Digital'),
(334, 'Design Gráfico', '10 semestres', 'Curso de Design Gráfico'),
(335, 'Design de Moda', '8 semestres', 'Curso de Design de Moda'),
(336, 'Direito', '10 semestres', 'Curso de Direito'),
(337, 'Economia', '8 semestres', 'Curso de Economia'),
(338, 'Educação Física (Bacharelado)', '8 semestres', 'Curso de Educação Física (Bacharelado)'),
(339, 'Educação Física (Licenciatura)', '10 semestres', 'Curso de Educação Física (Licenciatura)'),
(340, 'Engenharia Agronômica', '4 semestres', 'Curso de Engenharia Agronômica'),
(341, 'Engenharia Ambiental e Energias', '10 semestres', 'Ambiental e energia renovavel'),
(342, 'Engenharia Civil', '10 semestres', 'Curso de Engenharia Civil'),
(343, 'Engenharia da Computação', '10 semestres', 'Hardware e Software'),
(344, 'Engenharia de Alimentos', '8 semestres', 'Curso de Engenharia de Alimentos'),
(345, 'Engenharia de Produção', '10 semestres', 'Curso de Engenharia de Produção'),
(346, 'Engenharia Elétrica', '10 semestres', 'Curso de Engenharia Elétrica'),
(347, 'Engenharia Mecânica', '10 semestres', 'Curso de Engenharia Mecânica'),
(348, 'Engenharia Mecatrônica', '10 semestres', 'Curso de Engenharia Mecatrônica'),
(349, 'Engenharia Química', '10 semestres', 'Curso de Engenharia Química'),
(350, 'Estética e Cosmética', '6 semestres', 'Curso de Estética e Cosmética'),
(351, 'Farmácia', '6 semestres', 'Curso de Farmácia'),
(352, 'Fisioterapia', '8 semestres', 'Curso de Fisioterapia'),
(353, 'Fonoaudiologia', '8 semestres', 'Curso de Fonoaudiologia'),
(354, 'Gastronomia', '8 semestres', 'Curso de Gastronomia'),
(355, 'Gestão de Recursos Humanos', '10 semestres', 'Curso de Gestão de Recursos Humanos'),
(356, 'Gestão Financeira', '10 semestres', 'Curso de Gestão Financeira'),
(357, 'História', '8 semestres', 'Curso de História'),
(358, 'História (Licenciatura)', '12 semestres', 'Curso de História (Licenciatura)'),
(359, 'Jornalismo', '8 semestres', 'Curso de Jornalismo'),
(360, 'Letras (Licenciatura)', '4 semestres', 'Curso de Letras (Licenciatura)'),
(361, 'Letras - Interprete', '10 semestres', 'Curso de Letras - Interprete'),
(362, 'Logística', '4 semestres', 'Curso de Logística'),
(363, 'Marketing', '10 semestres', 'Curso de Marketing'),
(364, 'Medicina Veterinária', '10 semestres', 'Curso de Medicina Veterinária'),
(365, 'Moda', '8 semestres', 'Curso de Moda'),
(366, 'Música', '8 semestres', 'Curso de Música'),
(367, 'Nutrição', '8 semestres', 'Curso de Nutrição'),
(368, 'Odontologia', '12 semestres', 'Curso de Odontologia'),
(369, 'Pedagogia', '12 semestres', 'Curso de Pedagogia'),
(370, 'Produção Audiovisual', '8 semestres', 'Curso de Produção Audiovisual'),
(371, 'Publicidade e Propaganda', '10 semestres', 'Curso de Publicidade e Propaganda'),
(372, 'Psicologia', '8 semestres', 'Curso de Psicologia'),
(373, 'Recursos Humanos', '4 semestres', 'Curso de Recursos Humanos'),
(374, 'Radiologia', '4 semestres', 'Curso de Radiologia'),
(375, 'Segurança da Informação', '10 semestres', 'Curso de Segurança da Informação'),
(376, 'Sistemas de Informação', '10 semestres', 'Curso de Sistemas de Informação'),
(377, 'Serviço Social', '10 semestres', 'Curso de Serviço Social'),
(378, 'Terapia Ocupacional', '10 semestres', 'Curso de Terapia Ocupacional'),
(379, 'Tecnologia em ADS', '8 semestres', 'Análise e Desenvolvimento de Sistemas'),
(380, 'Tecnologia em Estética e Cosmética', '10 semestres', 'Curso de Tecnologia em Estética e Cosmética'),
(381, 'Tecnologia em Gestão Comercial', '10 semestres', 'Curso de Tecnologia em Gestão Comercial'),
(382, 'Tecnologia Gestão de Recursos Humanos', '10 semestres', 'Gestão de Recursos Humanos'),
(383, 'Tecnologia em Marketing', '10 semestres', 'Curso de Tecnologia em Marketing'),
(384, 'Zootecnia', '10 semestres', 'Curso de Zootecnia'),
(385, 'Administração', '8 semestres', 'Curso de Administração'),
(386, 'Agronomia', '10 semestres', 'Curso de Agronomia'),
(387, 'Análise e Desenvolvimento de Sistemas', '4 semestres', 'Curso de ADS'),
(388, 'Arquitetura e Urbanismo', '10 semestres', 'Curso de Arquitetura e Urbanismo'),
(389, 'Biologia', '8 semestres', 'Curso de Biologia'),
(390, 'Biomedicina', '8 semestres', 'Curso de Biomedicina'),
(391, 'Ciência da Computação', '8 semestres', 'Curso de Ciência da Computação'),
(392, 'Ciências Biológicas (Bacharelado)', '4 semestres', 'Curso de Ciências Biológicas (Bacharelado)'),
(393, 'Ciências Econômicas', '8 semestres', 'Curso de Ciências Econômicas'),
(394, 'Comunicação Social', '10 semestres', 'Curso de Comunicação Social'),
(395, 'Comunicação Social', '4 semestres', 'Curso de Publicidade'),
(396, 'Computação em Nuvem', '8 semestres', 'Curso de Computação em Nuvem'),
(397, 'Design Digital', '10 semestres', 'Curso de Design Digital'),
(398, 'Design Gráfico', '10 semestres', 'Curso de Design Gráfico'),
(399, 'Design de Moda', '8 semestres', 'Curso de Design de Moda'),
(400, 'Direito', '10 semestres', 'Curso de Direito'),
(401, 'Economia', '8 semestres', 'Curso de Economia'),
(402, 'Educação Física (Bacharelado)', '8 semestres', 'Curso de Educação Física (Bacharelado)'),
(403, 'Educação Física (Licenciatura)', '10 semestres', 'Curso de Educação Física (Licenciatura)'),
(404, 'Engenharia Agronômica', '4 semestres', 'Curso de Engenharia Agronômica'),
(405, 'Engenharia Ambiental e Energias', '10 semestres', 'Ambiental e energia renovavel'),
(406, 'Engenharia Civil', '10 semestres', 'Curso de Engenharia Civil'),
(407, 'Engenharia da Computação', '10 semestres', 'Hardware e Software'),
(408, 'Engenharia de Alimentos', '8 semestres', 'Curso de Engenharia de Alimentos'),
(409, 'Engenharia de Produção', '10 semestres', 'Curso de Engenharia de Produção'),
(410, 'Engenharia Elétrica', '10 semestres', 'Curso de Engenharia Elétrica'),
(411, 'Engenharia Mecânica', '10 semestres', 'Curso de Engenharia Mecânica'),
(412, 'Engenharia Mecatrônica', '10 semestres', 'Curso de Engenharia Mecatrônica'),
(413, 'Engenharia Química', '10 semestres', 'Curso de Engenharia Química'),
(414, 'Estética e Cosmética', '6 semestres', 'Curso de Estética e Cosmética'),
(415, 'Farmácia', '6 semestres', 'Curso de Farmácia'),
(416, 'Fisioterapia', '8 semestres', 'Curso de Fisioterapia'),
(417, 'Fonoaudiologia', '8 semestres', 'Curso de Fonoaudiologia'),
(418, 'Gastronomia', '8 semestres', 'Curso de Gastronomia'),
(419, 'Gestão de Recursos Humanos', '10 semestres', 'Curso de Gestão de Recursos Humanos'),
(420, 'Gestão Financeira', '10 semestres', 'Curso de Gestão Financeira'),
(421, 'História', '8 semestres', 'Curso de História'),
(422, 'História (Licenciatura)', '12 semestres', 'Curso de História (Licenciatura)'),
(423, 'Jornalismo', '8 semestres', 'Curso de Jornalismo'),
(424, 'Letras (Licenciatura)', '4 semestres', 'Curso de Letras (Licenciatura)'),
(425, 'Letras - Interprete', '10 semestres', 'Curso de Letras - Interprete'),
(426, 'Logística', '4 semestres', 'Curso de Logística'),
(427, 'Marketing', '10 semestres', 'Curso de Marketing'),
(428, 'Medicina Veterinária', '10 semestres', 'Curso de Medicina Veterinária'),
(429, 'Moda', '8 semestres', 'Curso de Moda'),
(430, 'Música', '8 semestres', 'Curso de Música'),
(431, 'Nutrição', '8 semestres', 'Curso de Nutrição'),
(432, 'Odontologia', '12 semestres', 'Curso de Odontologia'),
(433, 'Pedagogia', '12 semestres', 'Curso de Pedagogia'),
(434, 'Produção Audiovisual', '8 semestres', 'Curso de Produção Audiovisual'),
(435, 'Publicidade e Propaganda', '10 semestres', 'Curso de Publicidade e Propaganda'),
(436, 'Psicologia', '8 semestres', 'Curso de Psicologia'),
(437, 'Recursos Humanos', '4 semestres', 'Curso de Recursos Humanos'),
(438, 'Radiologia', '4 semestres', 'Curso de Radiologia'),
(439, 'Segurança da Informação', '10 semestres', 'Curso de Segurança da Informação'),
(440, 'Sistemas de Informação', '10 semestres', 'Curso de Sistemas de Informação'),
(441, 'Serviço Social', '10 semestres', 'Curso de Serviço Social'),
(442, 'Terapia Ocupacional', '10 semestres', 'Curso de Terapia Ocupacional'),
(443, 'Tecnologia em ADS', '8 semestres', 'Análise e Desenvolvimento de Sistemas'),
(444, 'Tecnologia em Estética e Cosmética', '10 semestres', 'Curso de Tecnologia em Estética e Cosmética'),
(445, 'Tecnologia em Gestão Comercial', '10 semestres', 'Curso de Tecnologia em Gestão Comercial'),
(446, 'Tecnologia Gestão de Recursos Humanos', '10 semestres', 'Gestão de Recursos Humanos'),
(447, 'Tecnologia em Marketing', '10 semestres', 'Curso de Tecnologia em Marketing'),
(448, 'Zootecnia', '10 semestres', 'Curso de Zootecnia'),
(449, 'Enfermagem', '8 semestres', 'Curso de Enfermagem'),
(450, 'Medicina', '12 semestres', 'Curso de Medicina'),
(451, 'Ciencias Contabeis', '8 semestres', 'Curso de CB'),
(452, 'Tec. Jogos Digitais', '6 semestres', 'Curso de TJC'),
(453, 'Ciências Biológicas (Licenciatura)', '4 semestres', 'Curso de Ciências Biológicas (Licenciatura)'),
(488, 'Administração Pública', '8 semestres', 'Administração Pública'),
(489, 'Arquitetura e Urbanismo (Noturno)', '10 semestres', 'Arquitetura e Urbanismo (Noturno)'),
(490, 'Artes Cênicas (Integral)', '8 semestres', 'Artes Cênicas (Integral)'),
(491, 'Artes Visuais (Integral)', '8 semestres', 'Artes Visuais (Integral)'),
(492, 'Ciência de Dados', '8 semestres', 'Ciência de Dados'),
(493, 'Ciências Exatas – Licenciatura', '8 semestres', 'Ciências Exatas – Licenciatura'),
(494, 'Ciências Físicas e Biomoleculares', '8 semestres', 'Ciências Físicas e Biomoleculares'),
(495, 'Design de Moda', '8 semestres', 'Design de Moda'),
(496, 'Estatística e Ciência de Dados', '8 semestres', 'Estatística e Ciência de Dados'),
(497, 'Física Computacional', '8 semestres', 'Física Computacional'),
(498, 'Matemática Aplicada e Computação', '8 semestres', 'Matemática Aplicada e Computação'),
(499, 'Pedagogia (Integral)', '12 semestres', 'Pedagogia (Integral)'),
(500, 'Psicologia', '8 semestres', 'Psicologia'),
(501, 'Química Tecnológica', '8 semestres', 'Química Tecnológica'),
(502, 'Relações Internacionais', '10 semestres', 'Relações Internacionais'),
(503, 'Tecnologia em Gestão Comercial', '10 semestres', 'Gestão Comercial'),
(504, 'Tradução e Interpretação em Libras', '8 semestres', 'Tradução e Interpretação em Libras'),
(505, 'Gestão Hospitalar', '10 semestres', 'Gestão Hospitalar'),
(506, 'Gestão de Turismo', '10 semestres', 'Gestão de Turismo'),
(507, 'Química', '10 semestres', 'QUIMICA'),
(508, 'Matematica', '8 semestres', 'curso de matematica'),
(509, 'Física (Licenciatura)', '10 semestres', 'curso de fisica (Licenciatura)'),
(510, 'Física (Bacharelado)', '10 semestres', 'curso de fisica (Bacharelado)'),
(511, 'Teologia)', '8 semestres', 'curso de teologia'),
(512, 'Geografia (Licenciatura)', '10 semestres', 'curso de geografia (Licenciatura)'),
(513, 'Filosofia (Licenciatura)', '8 semestres', 'curso de filosofia (Licenciatura)'),
(514, 'Ciencias Sociais (Licenciatura)', '8 semestres', 'curso de ciencias sociais (Licenciatura)'),
(515, 'Ciencias Sociais (Bacharelado)', '8 semestres', 'curso de ciencias sociais (Bacharelado)'),
(516, 'Saúde Publica (Bacharelado)', '10 semestres', 'curso de saude publica (Bacharelado)'),
(517, 'Química (Licenciatura)', '10 semestres', 'QUIMICA (Licenciatura)'),
(518, 'Ciência da informação', '10 semestres', 'curso de c.i'),
(519, 'Física Médica', '10 semestres', 'curso de fisica medica'),
(520, 'Informatica Biomédica', '10 semestres', 'curso de informatica bio.med'),
(521, 'Química Forense', '10 semestres', 'QUIMICA FORENSE'),
(522, 'Biotecnologia', '10 semestres', 'curso de Bio'),
(523, 'Educação Especial', '8 semestres', 'curso de Ed. esp.'),
(524, 'Engenharia de materiais', '8 semestres', 'curso de Engenharia'),
(525, 'Engenharia Física', '8 semestres', 'curso de Engenharia'),
(526, 'Gerontologia', '8 semestres', 'curso de Gerontologia'),
(527, 'Gestão e análise ambiental', '8 semestres', 'curso de Gestão e análise amb.'),
(528, 'Linguística', '8 semestres', 'curso de Linguística'),
(529, 'Engenharia Aéronautica', '8 semestres', 'curso de Engenharia'),
(530, 'Geologia', '8 semestres', 'curso de Geologia'),
(531, 'Dança', '8 semestres', 'curso de Dança'),
(532, 'Estudos Literarios', '8 semestres', 'curso de Literatura'),
(533, 'Tecnologia em Eletrônica Industrial', '8 semestres', 'curso de TEC'),
(534, 'Gestão da Tecnologia da Informação', '8 semestres', 'curso de TEC.INFO'),
(535, 'Gestão de Energia e Eficiência Energética', '8 semestres', 'curso de Eficiencia ener.'),
(536, 'Pedagogia Cristã', '6 semestres', 'curso de pedagogia Cristã');

-- --------------------------------------------------------

--
-- Estrutura para tabela `estado`
--

CREATE TABLE `estado` (
  `idestado` int(11) NOT NULL,
  `nome` varchar(45) DEFAULT NULL,
  `sigla` varchar(6) DEFAULT NULL
) ENGINE=InnoDB DEFAULT CHARSET=utf8mb4 COLLATE=utf8mb4_general_ci;

--
-- Despejando dados para a tabela `estado`
--

INSERT INTO `estado` (`idestado`, `nome`, `sigla`) VALUES
(1, 'São Paulo', 'SP');

-- --------------------------------------------------------

--
-- Estrutura para tabela `faculdade`
--

CREATE TABLE `faculdade` (
  `idfaculdade` int(11) NOT NULL,
  `idcidade` int(11) DEFAULT NULL,
  `nome` varchar(45) DEFAULT NULL,
  `bairro` varchar(45) DEFAULT NULL,
  `logradouro` varchar(45) DEFAULT NULL,
  `cep` varchar(9) DEFAULT NULL,
  `numero` int(11) DEFAULT NULL,
  `email` varchar(45) DEFAULT NULL,
  `telefone` varchar(15) DEFAULT NULL,
  `PUBLICA` int(11) DEFAULT NULL,
  `latitude` double DEFAULT NULL,
  `longitude` double DEFAULT NULL
) ENGINE=InnoDB DEFAULT CHARSET=utf8mb4 COLLATE=utf8mb4_general_ci;

--
-- Despejando dados para a tabela `faculdade`
--

INSERT INTO `faculdade` (`idfaculdade`, `idcidade`, `nome`, `bairro`, `logradouro`, `cep`, `numero`, `email`, `telefone`, `PUBLICA`, `latitude`, `longitude`) VALUES
(21, 1, 'UNORTE', 'Jardim Alto Rio Preto', 'Rua Ipiranga', '15020-040', 3460, 'ead@unorte.edu.br', '(17) 3203-2500', NULL, -20.824208, -49.4090528),
(22, 1, 'FAMERP', 'Vila São Pedro', 'Avenida Brigadeiro Faria Lima', '15090-000', 5416, 'famerc@famerc.br', '(17) 3201-6600', NULL, -20.8276545, -49.3962644),
(23, 2, 'UNIP São Paulo', 'Bela Vista', 'Av. Paulista', '01311-000', 900, 'info@unip.br', '(11) 3315-9333', NULL, -23.5654762, -46.651231),
(24, 3, 'UNIP Campinas', 'Swift', 'Av. Comendador Enzo Ferrari', '13045-770', 280, 'campinas@unip.br', '(19) 3772-1000', NULL, -22.9253038, -47.0370386),
(25, 4, 'UNIP São José dos Campos', 'Limoeiro', 'Rod. Presidente Dutra', '12240-420', 157, 'sjc@unip.br', '(12) 3947-2200', NULL, -23.17944, -45.88694),
(26, 5, 'UNIP Sorocaba', 'Éden', 'Av. Independência', '18087-101', 210, 'sorocaba@unip.br', '(15) 3238-2000', NULL, -23.4287263, -47.4151009),
(27, 6, 'UNIP Ribeirão Preto', 'Jardim Canadá', 'Av. Carlos Consoni', '14024-270', 10, 'ribeiraopreto@unip.br', '(16) 3966-8000', NULL, -21.2197591, -47.808849),
(28, 7, 'UNIP Bauru', 'Chácaras Bauruenses', 'Rua Luís Levorato', '17048-290', 140, 'bauru@unip.br', '(14) 3103-7000', NULL, -22.3718865, -49.0321919),
(29, 8, 'UNIP Lins', 'Centro', 'Rua Paulo Aparecido Giraldi', '16400-046', 710, 'lins@unip.br', '(14) 3642-2200', NULL, -21.67861, -49.7425),
(30, 1, 'UNIRP', ' Vila Maria', 'Rua Ivete Gabriel Atique', '15025-400', 45, 'unirp@unirp.br', '(16) 3602-9000', NULL, -20.8086322, -49.3910048),
(31, 9, 'UNIFEB', 'Centro', 'Av. Prof. Roberto Frade Monte', '14783-226', 389, 'unifeb@unifeb.edu.br', '(17) 3461-8600', NULL, -20.5705089, -48.5791402),
(32, 10, 'UNIFAFIBE', 'Centro', ' Prof. Orlando França de Carvalho', '14701-070', 225, 'unifafibe@unifafibe.edu.br', '(16) 3711-4300', NULL, -20.94944, -48.47917),
(33, 1, 'UNILAGO', 'Jardim Novo Aeroporto', ' Dr. Eduardo Nielsen', '15030-070', 960, 'unilago@unilago.edu.br', '(19) 3634-5600', NULL, -20.8075574, -49.4025938),
(34, 11, 'UNIARA', 'Centro', 'Rua Voluntários da Pátria', '14801-320', 1309, 'uniara@uniara.com.br', '(16) 3301-1000', NULL, -21.79444, -48.17556),
(35, 12, 'UNIFEV', 'Centro', 'Rua Pernambuco', '15500-006', 4196, 'unifev@unifev.edu.br', '(17) 3405-9000', NULL, -20.42278, -49.97278),
(36, 9, 'Faculdade de Barretos', ' Cristiano de Carvalho', 'Av. C-12', '14781-449', 1555, 'contato@faculdadede.barretos.br', '(17) 3321-1444', NULL, -20.537577, -48.553895),
(37, 9, 'FACISB', 'Centro', 'Av. Loja Maçonica Renovadora', '14785-002', 68, 'contato@facisb.edu.br', '(17) 3321-6666', NULL, -20.55722, -48.56778),
(38, 6, 'Centro Universitário Barão de Mauá', 'Jardim Paulista', 'Rua Ramos de Azevedo', '14090-062', 423, 'contato@baraodemaua.edu.br', '(16) 3620-2000', NULL, -21.1828946, -47.797321),
(39, 14, 'UNISA Polo São Carlos', 'Centro', 'Nove de Julho', '13560-042', 1827, 'sancarlos@unisa.br', '(16) 3333-1234', NULL, -22.0135099, -47.8928941),
(40, 16, 'Universidade de Franca', 'Parque Universitário', 'Av. Dr. Armando de Sáles Oliveira', '14404-600', 201, 'unifran@unifran.edu.br', '(16) 3711-9500', NULL, -20.53861, -47.40083),
(104, 9, 'FATEC - Teologia e Ciências', 'São João', 'Rua José Sanches Peres', '15501-210', 3040, 'fatec@fatec.sp.gov.br', '1733223456', 1, -20.55722, -48.56778),
(105, 9, 'FATEC Barretos', 'Centro', 'Rua 18', '14780-000', 535, 'fatec.barretos@fatec.sp.gov.br', '1733215678', 1, -20.321287, -48.3150963),
(106, 3, 'FATEC Campinas', 'Jardim Santa Monica', 'Av. Cônego Antônio Roccato', '13082-015', 593, 'fatec.campinas@fatec.sp.gov.br', '1935235678', 1, -22.8628128, -47.1038266),
(107, 10, 'Instituto M. de Ensino Superior de Bebedouro', 'Parque Eldorado', 'Rua Nelson Domingos Madeira', '14706-124', 300, 'imesb@bebedouro.sp.gov.br', '1733213456', 1, -20.9389301, -48.5023788),
(108, 9, 'IFSP Barretos', ' Res. Ide Daher', 'Av.C-Um', '14781-502', 250, 'ifsp.barretos@ifsp.edu.br', '1733211234', 1, -20.55722, -48.56778),
(109, 12, 'IFSP Votuporanga', 'Pozzobon', 'Av. Jerônimo Figueira da Costa', '15503-110', 3014, 'ifsp.votuporanga@ifsp.edu.br', '1733216789', 1, -20.4038449, -49.9677707),
(110, 14, 'IFSP São Carlos', 'Prado', 'Estrada Municipal Paulo Eduardo de Almeida', '13565-820', NULL, 'ifsp.sc@ifsp.edu.br', '1633563456', 1, -21.9701, -47.8785),
(111, 3, 'Unicamp', 'Barão Geraldo', 'Cidade Universitária Zeferino Vaz', '13083-970', NULL, 'unicamp@unicamp.br', '1935213456', 1, -22.8219431, -47.0667692),
(112, 3, 'IFSP Campinas', ' Cidade Satélite Íris', 'Rua Heitor Lacerda Guedes', '13059-581', 1000, 'ifsp.campinas@ifsp.edu.br', '1935221234', 1, -22.9489749, -47.1494191),
(113, 1, 'IBILCE - UNESP São José do Rio Preto', 'Jardim Nazareth', 'R. Cristóvão Colombo', '15054-000', 2265, 'ibilce@unesp.br', '1732123456', 1, -20.7850087, -49.3594678),
(114, 4, 'Fatec São José do Rio Preto', ' Eldorado', 'Rua Fernandópolis', '15043-020', 2510, 'fatec.sjr@fatec.sp.gov.br', '1732127890', 1, -22.9998501, -45.53381),
(115, 11, 'UNESP - Ciências e Letras de Araraquara', 'Campos Ville', 'Rod. Araraquara Jau', '14800-700', 1, 'fcla@unesp.br', '1633123456', 1, -21.79444, -48.17556),
(117, 11, 'UNESP - Instituto de Química', 'Jardim Quitandinha', 'Av. Prof. Francisco Degni', '14800-900', 55, 'iq@unesp.br', '1633131234', 1, -21.79444, -48.17556),
(118, 13, 'UFSCar', 'Monjolinho', 'Rod. Washington Luiz', '13565-905', NULL, 'ufscar@ufscar.br', '1633561234', 1, -23.21139, -46.82833),
(119, 14, 'USP São Carlos', 'Parque Arnold Schimidt', 'Av. Trabalhador São-carlense', '13566-590', 400, 'usp.sc@usp.br', '1633567890', 1, -22.0175, -47.89083),
(120, 6, 'USP Ribeirão Preto', 'Monte Alegre', 'Av. dos Bandeirantes', '14040-900', 3900, 'usp.ribeirao@usp.br', '1633201234', 1, -21.1775, -47.81028),
(121, 6, 'Museu Faculdade Medicina Ribeirão Preto', 'Centro', 'Av. nove de julho', '14025-000', 980, 'museu.medicina@usp.br', '1633205678', 1, -21.1865361, -47.8095967),
(122, 11, 'USP Saúde Pública Araraquara', 'Centro', 'Rua Itália', '14801-350', 1617, 'usp.saude@usp.br', '1633127890', 1, -22.0295609, -47.8942208),
(123, 16, 'UNESP - Faculdade de Odontologia', 'Centro', 'Rua Humaitá', '14801-385', 1680, 'fo@unesp.br', '1633135678', 1, -20.53861, -47.40083),
(124, 16, 'UNESP - Ciências Humanas e Sociais de Franca', 'Jardim Dr. Antonio Petraglia', 'Av. Eufrásia Monteiro Petráglia', '14409-160', 900, 'fchs@unesp.br', '1633721234', 1, -20.5133763, -47.3824036);

-- --------------------------------------------------------

--
-- Estrutura para tabela `faculdade_curso`
--

CREATE TABLE `faculdade_curso` (
  `idfaculdade` int(11) NOT NULL,
  `idcurso` int(11) NOT NULL
) ENGINE=InnoDB DEFAULT CHARSET=utf8mb4 COLLATE=utf8mb4_general_ci;

--
-- Despejando dados para a tabela `faculdade_curso`
--

INSERT INTO `faculdade_curso` (`idfaculdade`, `idcurso`) VALUES
(21, 321),
(21, 322),
(21, 323),
(21, 324),
(21, 336),
(21, 341),
(21, 342),
(21, 343),
(21, 345),
(21, 346),
(21, 347),
(21, 348),
(21, 349),
(21, 350),
(21, 352),
(21, 353),
(21, 364),
(21, 366),
(21, 368),
(21, 372),
(21, 378),
(22, 372),
(22, 449),
(22, 450),
(23, 321),
(23, 323),
(23, 324),
(23, 326),
(23, 327),
(23, 328),
(23, 329),
(23, 330),
(23, 336),
(23, 338),
(23, 339),
(23, 342),
(23, 347),
(23, 350),
(23, 351),
(23, 352),
(23, 355),
(23, 363),
(23, 367),
(23, 369),
(23, 372),
(23, 378),
(23, 449),
(23, 451),
(24, 321),
(24, 323),
(24, 324),
(24, 326),
(24, 327),
(24, 328),
(24, 329),
(24, 330),
(24, 336),
(24, 338),
(24, 339),
(24, 342),
(24, 347),
(24, 350),
(24, 351),
(24, 352),
(24, 355),
(24, 363),
(24, 367),
(24, 369),
(24, 372),
(24, 378),
(24, 449),
(24, 451),
(25, 321),
(25, 323),
(25, 324),
(25, 326),
(25, 327),
(25, 328),
(25, 329),
(25, 330),
(25, 336),
(25, 338),
(25, 339),
(25, 342),
(25, 347),
(25, 350),
(25, 351),
(25, 352),
(25, 355),
(25, 363),
(25, 367),
(25, 369),
(25, 372),
(25, 378),
(25, 449),
(25, 451),
(26, 321),
(26, 323),
(26, 324),
(26, 326),
(26, 327),
(26, 328),
(26, 329),
(26, 330),
(26, 336),
(26, 338),
(26, 339),
(26, 342),
(26, 347),
(26, 350),
(26, 351),
(26, 352),
(26, 355),
(26, 363),
(26, 367),
(26, 369),
(26, 372),
(26, 378),
(26, 449),
(26, 451),
(27, 321),
(27, 323),
(27, 324),
(27, 326),
(27, 327),
(27, 328),
(27, 329),
(27, 330),
(27, 336),
(27, 338),
(27, 339),
(27, 342),
(27, 347),
(27, 350),
(27, 351),
(27, 352),
(27, 355),
(27, 363),
(27, 367),
(27, 369),
(27, 372),
(27, 378),
(27, 449),
(27, 451),
(28, 321),
(28, 323),
(28, 324),
(28, 326),
(28, 327),
(28, 328),
(28, 329),
(28, 330),
(28, 336),
(28, 338),
(28, 339),
(28, 342),
(28, 347),
(28, 350),
(28, 351),
(28, 352),
(28, 355),
(28, 363),
(28, 367),
(28, 369),
(28, 372),
(28, 378),
(28, 449),
(28, 451),
(29, 321),
(29, 323),
(29, 324),
(29, 326),
(29, 327),
(29, 328),
(29, 329),
(29, 330),
(29, 336),
(29, 338),
(29, 339),
(29, 342),
(29, 347),
(29, 350),
(29, 351),
(29, 352),
(29, 355),
(29, 363),
(29, 367),
(29, 369),
(29, 372),
(29, 378),
(29, 449),
(29, 451),
(30, 321),
(30, 322),
(30, 324),
(30, 326),
(30, 327),
(30, 328),
(30, 330),
(30, 336),
(30, 338),
(30, 339),
(30, 342),
(30, 343),
(30, 345),
(30, 346),
(30, 350),
(30, 351),
(30, 352),
(30, 359),
(30, 364),
(30, 365),
(30, 367),
(30, 368),
(30, 369),
(30, 372),
(30, 379),
(30, 380),
(30, 381),
(30, 382),
(30, 383),
(30, 384),
(30, 449),
(30, 451),
(31, 321),
(31, 322),
(31, 326),
(31, 336),
(31, 338),
(31, 339),
(31, 342),
(31, 345),
(31, 346),
(31, 347),
(31, 349),
(31, 351),
(31, 352),
(31, 364),
(31, 368),
(31, 376),
(31, 451),
(32, 321),
(32, 324),
(32, 326),
(32, 336),
(32, 338),
(32, 339),
(32, 340),
(32, 342),
(32, 345),
(32, 346),
(32, 347),
(32, 350),
(32, 352),
(32, 363),
(32, 367),
(32, 369),
(32, 372),
(32, 376),
(32, 451),
(33, 321),
(33, 322),
(33, 323),
(33, 324),
(33, 326),
(33, 334),
(33, 336),
(33, 338),
(33, 339),
(33, 341),
(33, 342),
(33, 343),
(33, 344),
(33, 345),
(33, 346),
(33, 349),
(33, 350),
(33, 351),
(33, 352),
(33, 354),
(33, 356),
(33, 359),
(33, 360),
(33, 361),
(33, 362),
(33, 363),
(33, 364),
(33, 367),
(33, 368),
(33, 369),
(33, 370),
(33, 371),
(33, 372),
(33, 373),
(33, 376),
(33, 377),
(33, 378),
(33, 384),
(33, 449),
(33, 450),
(33, 451),
(34, 321),
(34, 324),
(34, 325),
(34, 326),
(34, 332),
(34, 333),
(34, 335),
(34, 336),
(34, 337),
(34, 338),
(34, 339),
(34, 340),
(34, 342),
(34, 343),
(34, 345),
(34, 346),
(34, 350),
(34, 351),
(34, 352),
(34, 364),
(34, 367),
(34, 368),
(34, 369),
(34, 371),
(34, 372),
(34, 375),
(34, 376),
(34, 449),
(34, 450),
(35, 321),
(35, 322),
(35, 324),
(35, 326),
(35, 336),
(35, 338),
(35, 339),
(35, 342),
(35, 343),
(35, 346),
(35, 347),
(35, 351),
(35, 352),
(35, 364),
(35, 367),
(35, 369),
(35, 371),
(35, 372),
(35, 449),
(35, 450),
(35, 451),
(36, 321),
(36, 336),
(36, 358),
(36, 367),
(36, 372),
(36, 376),
(36, 449),
(36, 451),
(37, 450),
(38, 321),
(38, 324),
(38, 326),
(38, 327),
(38, 328),
(38, 334),
(38, 336),
(38, 350),
(38, 351),
(38, 352),
(38, 355),
(38, 356),
(38, 358),
(38, 359),
(38, 360),
(38, 363),
(38, 364),
(38, 367),
(38, 369),
(38, 370),
(38, 371),
(38, 372),
(38, 449),
(38, 453),
(39, 321),
(39, 324),
(39, 326),
(39, 336),
(39, 342),
(39, 343),
(39, 346),
(39, 351),
(39, 352),
(39, 364),
(39, 367),
(39, 372),
(39, 379),
(39, 449),
(39, 451),
(39, 452),
(40, 321),
(40, 336),
(40, 338),
(40, 342),
(40, 352),
(40, 368),
(40, 372),
(40, 449),
(104, 358),
(104, 366),
(104, 369),
(104, 511),
(104, 512),
(104, 513),
(104, 514),
(104, 536),
(105, 505),
(106, 323),
(106, 356),
(106, 362),
(106, 501),
(106, 534),
(106, 535),
(107, 321),
(107, 324),
(107, 336),
(107, 340),
(107, 451),
(108, 322),
(108, 323),
(108, 453),
(108, 506),
(108, 507),
(109, 342),
(109, 346),
(109, 376),
(109, 509),
(110, 342),
(111, 324),
(111, 327),
(111, 328),
(111, 329),
(111, 330),
(111, 338),
(111, 340),
(111, 341),
(111, 342),
(111, 343),
(111, 344),
(111, 346),
(111, 347),
(111, 349),
(111, 351),
(111, 353),
(111, 357),
(111, 360),
(111, 366),
(111, 369),
(111, 449),
(111, 450),
(111, 453),
(111, 490),
(111, 491),
(111, 494),
(111, 496),
(111, 501),
(111, 507),
(111, 508),
(111, 509),
(111, 512),
(111, 513),
(111, 515),
(111, 528),
(111, 530),
(111, 531),
(111, 532),
(112, 323),
(112, 346),
(112, 517),
(112, 533),
(113, 327),
(113, 328),
(113, 344),
(113, 360),
(113, 361),
(113, 494),
(113, 499),
(113, 501),
(113, 508),
(114, 322),
(114, 323),
(114, 503),
(115, 329),
(115, 360),
(115, 369),
(115, 488),
(115, 514),
(115, 515),
(117, 349),
(117, 501),
(117, 507),
(117, 517),
(118, 327),
(118, 328),
(118, 338),
(118, 342),
(118, 343),
(118, 345),
(118, 346),
(118, 347),
(118, 349),
(118, 352),
(118, 360),
(118, 366),
(118, 369),
(118, 370),
(118, 372),
(118, 378),
(118, 449),
(118, 450),
(118, 496),
(118, 504),
(118, 508),
(118, 509),
(118, 513),
(118, 514),
(118, 517),
(118, 518),
(118, 522),
(118, 523),
(118, 524),
(118, 525),
(118, 526),
(118, 527),
(118, 528),
(119, 324),
(119, 327),
(119, 341),
(119, 342),
(119, 343),
(119, 345),
(119, 346),
(119, 347),
(119, 348),
(119, 376),
(119, 492),
(119, 493),
(119, 494),
(119, 496),
(119, 497),
(119, 498),
(119, 507),
(119, 508),
(119, 510),
(119, 524),
(119, 529),
(120, 321),
(120, 326),
(120, 327),
(120, 328),
(120, 329),
(120, 336),
(120, 338),
(120, 351),
(120, 352),
(120, 353),
(120, 356),
(120, 366),
(120, 367),
(120, 368),
(120, 369),
(120, 372),
(120, 378),
(120, 449),
(120, 450),
(120, 451),
(120, 498),
(120, 501),
(120, 517),
(120, 518),
(120, 519),
(120, 520),
(120, 521),
(121, 352),
(121, 353),
(121, 378),
(121, 450),
(121, 519),
(122, 367),
(122, 516),
(123, 368),
(124, 336),
(124, 357),
(124, 358),
(124, 377),
(124, 502);

-- --------------------------------------------------------

--
-- Estrutura para tabela `recursos_educacionais`
--

CREATE TABLE `recursos_educacionais` (
  `id` int(11) NOT NULL,
  `nome` varchar(255) NOT NULL,
  `disciplina` varchar(100) NOT NULL,
  `plataforma` varchar(50) NOT NULL,
  `url` text NOT NULL
) ENGINE=InnoDB DEFAULT CHARSET=utf8mb4 COLLATE=utf8mb4_general_ci;

--
-- Despejando dados para a tabela `recursos_educacionais`
--

INSERT INTO `recursos_educacionais` (`id`, `nome`, `disciplina`, `plataforma`, `url`) VALUES
(1, 'Ferreto', 'Matemática', 'YouTube', 'https://youtu.be/k9TxJ9DGk1w?si=JhIplvYCDcjAjckc'),
(2, 'Biologia com Samuel Cunha', 'Biologia', 'YouTube', 'https://youtu.be/k-I7B5nVLP0?si=K_1jsrRClX4kErzo'),
(3, 'Marcelão da Química', 'Química', 'YouTube', 'https://youtu.be/XCZyx2IHdxA?si=q1SC8oGua7pM-1p1'),
(4, 'Dicas de mat Sandro Curió', 'Matemática', 'YouTube', 'https://youtu.be/nmXZiVVLRkk?si=ozR4qO0FbBL6agIR'),
(5, 'Descomplica', 'Matérias Gerais', 'YouTube', 'https://www.youtube.com/live/PEL-Binmsus?si=gG2cSun489UStHeX'),
(6, 'Curso Enem Gratuito', 'Matérias Gerais', 'YouTube', 'https://youtu.be/u0SqbwlJNrs?si=veK5uS_r-aLwke_f'),
(7, 'Toda Matéria', 'Matérias Gerais', 'YouTube', 'https://youtu.be/ah0vLeIimcI?si=2NBRZo6kiXoelLLm'),
(8, 'Anglo Resolve', 'Matérias Gerais', 'Site', 'https://angloresolve.plurall.net/'),
(9, 'Descomplica', 'Matérias Gerais', 'Site', 'https://descomplica.com.br/gabarito-enem/?gti_source=cro_home-uee&gti_medium=header_gabarito-enem&gti_campaign=uee_gabarito'),
(10, 'Professor Noslen', 'Língua Portuguesa', 'YouTube', 'https://youtu.be/zL-6wfCOM8o?si=uGAJToJqUpZAI7yy');

-- --------------------------------------------------------

--
-- Estrutura para tabela `usuario`
--

CREATE TABLE `usuario` (
  `idusuario` int(11) NOT NULL,
  `nome` varchar(45) DEFAULT NULL,
  `cep` varchar(9) DEFAULT NULL,
  `logradouro` varchar(45) DEFAULT NULL,
  `numero` int(11) DEFAULT NULL,
  `bairro` varchar(45) DEFAULT NULL,
  `telefone` varchar(15) DEFAULT NULL,
  `email` varchar(45) DEFAULT NULL,
  `senha` varchar(255) DEFAULT NULL,
  `idestado` int(11) DEFAULT NULL,
  `idcidade` int(11) DEFAULT NULL,
  `latitude` double DEFAULT NULL,
  `longitude` double DEFAULT NULL
) ENGINE=InnoDB DEFAULT CHARSET=utf8mb4 COLLATE=utf8mb4_general_ci;

--
-- Despejando dados para a tabela `usuario`
--

INSERT INTO `usuario` (`idusuario`, `nome`, `cep`, `logradouro`, `numero`, `bairro`, `telefone`, `email`, `senha`, `idestado`, `idcidade`, `latitude`, `longitude`) VALUES
(9, 'Erick', '15402072', 'Rua Duque de Caxias', 815, 'Santa Julia', '815', 'zanirattoduarteerick@gmail.com', '$2y$10$n9DHubH2SgNa9iAvjxxbN.j7qVxIduwKXarQhBBATAfXtVtcN/KLe', 1, 472, -20.7436849, -48.9132505);

--
-- Índices para tabelas despejadas
--

--
-- Índices de tabela `carrinho`
--
ALTER TABLE `carrinho`
  ADD PRIMARY KEY (`idusuario`,`idcurso`,`idfaculdade`),
  ADD KEY `idcurso` (`idcurso`),
  ADD KEY `idfaculdade` (`idfaculdade`);

--
-- Índices de tabela `cidade`
--
ALTER TABLE `cidade`
  ADD PRIMARY KEY (`idcidade`),
  ADD KEY `idestado` (`idestado`);

--
-- Índices de tabela `curso`
--
ALTER TABLE `curso`
  ADD PRIMARY KEY (`idcurso`);

--
-- Índices de tabela `estado`
--
ALTER TABLE `estado`
  ADD PRIMARY KEY (`idestado`);

--
-- Índices de tabela `faculdade`
--
ALTER TABLE `faculdade`
  ADD PRIMARY KEY (`idfaculdade`),
  ADD KEY `idcidade` (`idcidade`);

--
-- Índices de tabela `faculdade_curso`
--
ALTER TABLE `faculdade_curso`
  ADD PRIMARY KEY (`idfaculdade`,`idcurso`),
  ADD KEY `idcurso` (`idcurso`);

--
-- Índices de tabela `recursos_educacionais`
--
ALTER TABLE `recursos_educacionais`
  ADD PRIMARY KEY (`id`);

--
-- Índices de tabela `usuario`
--
ALTER TABLE `usuario`
  ADD PRIMARY KEY (`idusuario`),
  ADD KEY `idestado` (`idestado`),
  ADD KEY `idcidade` (`idcidade`);

--
-- AUTO_INCREMENT para tabelas despejadas
--

--
-- AUTO_INCREMENT de tabela `cidade`
--
ALTER TABLE `cidade`
  MODIFY `idcidade` int(11) NOT NULL AUTO_INCREMENT, AUTO_INCREMENT=725;

--
-- AUTO_INCREMENT de tabela `curso`
--
ALTER TABLE `curso`
  MODIFY `idcurso` int(11) NOT NULL AUTO_INCREMENT, AUTO_INCREMENT=537;

--
-- AUTO_INCREMENT de tabela `estado`
--
ALTER TABLE `estado`
  MODIFY `idestado` int(11) NOT NULL AUTO_INCREMENT, AUTO_INCREMENT=2;

--
-- AUTO_INCREMENT de tabela `faculdade`
--
ALTER TABLE `faculdade`
  MODIFY `idfaculdade` int(11) NOT NULL AUTO_INCREMENT, AUTO_INCREMENT=125;

--
-- AUTO_INCREMENT de tabela `recursos_educacionais`
--
ALTER TABLE `recursos_educacionais`
  MODIFY `id` int(11) NOT NULL AUTO_INCREMENT, AUTO_INCREMENT=11;

--
-- AUTO_INCREMENT de tabela `usuario`
--
ALTER TABLE `usuario`
  MODIFY `idusuario` int(11) NOT NULL AUTO_INCREMENT, AUTO_INCREMENT=10;

--
-- Restrições para tabelas despejadas
--

--
-- Restrições para tabelas `carrinho`
--
ALTER TABLE `carrinho`
  ADD CONSTRAINT `carrinho_ibfk_1` FOREIGN KEY (`idusuario`) REFERENCES `usuario` (`idusuario`),
  ADD CONSTRAINT `carrinho_ibfk_2` FOREIGN KEY (`idcurso`) REFERENCES `curso` (`idcurso`),
  ADD CONSTRAINT `carrinho_ibfk_3` FOREIGN KEY (`idfaculdade`) REFERENCES `faculdade` (`idfaculdade`);

--
-- Restrições para tabelas `cidade`
--
ALTER TABLE `cidade`
  ADD CONSTRAINT `cidade_ibfk_1` FOREIGN KEY (`idestado`) REFERENCES `estado` (`idestado`);

--
-- Restrições para tabelas `faculdade`
--
ALTER TABLE `faculdade`
  ADD CONSTRAINT `faculdade_ibfk_1` FOREIGN KEY (`idcidade`) REFERENCES `cidade` (`idcidade`);

--
-- Restrições para tabelas `faculdade_curso`
--
ALTER TABLE `faculdade_curso`
  ADD CONSTRAINT `faculdade_curso_ibfk_1` FOREIGN KEY (`idfaculdade`) REFERENCES `faculdade` (`idfaculdade`),
  ADD CONSTRAINT `faculdade_curso_ibfk_2` FOREIGN KEY (`idcurso`) REFERENCES `curso` (`idcurso`);

--
-- Restrições para tabelas `usuario`
--
ALTER TABLE `usuario`
  ADD CONSTRAINT `usuario_ibfk_1` FOREIGN KEY (`idestado`) REFERENCES `estado` (`idestado`),
  ADD CONSTRAINT `usuario_ibfk_2` FOREIGN KEY (`idcidade`) REFERENCES `cidade` (`idcidade`);
COMMIT;

/*!40101 SET CHARACTER_SET_CLIENT=@OLD_CHARACTER_SET_CLIENT */;
/*!40101 SET CHARACTER_SET_RESULTS=@OLD_CHARACTER_SET_RESULTS */;
/*!40101 SET COLLATION_CONNECTION=@OLD_COLLATION_CONNECTION */;
